<Ui xmlns="http://www.blizzard.com/wow/ui/">
  <Script file="Libs\LibStub\LibStub.lua"/>
  <Script file="Libs\CallbackHandler-1.0\CallbackHandler-1.0.lua"/>

  <!-- Core Ace3 -->
  <Include file="Libs\Ace3\AceAddon-3.0\AceAddon-3.0.xml"/>
  <Include file="Libs\Ace3\AceEvent-3.0\AceEvent-3.0.xml"/>
  <Include file="Libs\Ace3\AceConsole-3.0\AceConsole-3.0.xml"/>
  <Include file="Libs\Ace3\AceDB-3.0\AceDB-3.0.xml"/>

  <!-- Config UI stack (must be loaded before your Config.lua runs) -->
  <Include file="Libs\Ace3\AceGUI-3.0\AceGUI-3.0.xml"/>
  <Include file="Libs\Ace3\AceConfig-3.0\AceConfig-3.0.xml"/>
  <Include file="Libs\Ace3\AceConfigDialog-3.0\AceConfigDialog-3.0.xml"/>

  <!-- Optional for next step (Profiles UI) -->
  <Include file="Libs\Ace3\AceDBOptions-3.0\AceDBOptions-3.0.xml"/>

</Ui>
